Metric,Value
Mean Absolute Error,3.3249269252388984
R2 Score,0.42256827127519636
Naive Baseline MAE,3.579284750337382
